Statistic,c,y,h,k,invest,lambda,productivity
StdDev,0.577990671912602,0.8144390840514685,0.9256292666502907,0.5113609123111652,0.9143666996894226,0.8117730351213599,0.5779906719126016
RelStdDev,0.7146324458446535,1.0,1.1624083719901395,0.6328710959804613,1.1460421803006007,1.0085332230439086,0.7146324458446522
CorrWithY,0.20875907571136332,1.0,0.29453657581370735,-0.0024944470839972773,0.45435132191462396,0.6523390967668707,0.2087590757113624
