Variable,SteadyState
y,1002.725569817462
cp,742.4432605220085
dk,260.2704940794823
n,299.6345420764695
g,0.011815215971179738
k,10569.528886907488
y/n,3.3464952434007333
cp/y,0.7404251799993135
dk/y,0.25956303690037785
g/y,1.178310030862243e-5
