Variable,SteadyState
y,1018.0019977013006
cp,755.9491412932015
dk,262.04343161033046
n,299.3573495672724
g,0.009424797768710092
k,11071.58259873759
y/n,3.4006247021255525
cp/y,0.7425811963043023
dk/y,0.2574095455628158
g/y,9.258132881852645e-6
