Parameter,Value
beta,0.9926375361451395
delta,0.021
theta,0.339
N,1369.0
lambda,0.002729062395202624
gamma,3.471000965814435
rho_g,0.9080934280270355
g_ss,0.009424797768710092
sigma_lambda,0.011860314785030671
sigma_mu,0.006874638567639218
