Parameter,Value
beta,0.9926375361451395
delta,0.021
theta,0.339
N,1369.0
lambda,0.0040282613306786424
gamma,3.927072446951861
rho_g,0.9905121477271471
g_ss,0.014709744867656893
sigma_lambda,0.010760979630996634
sigma_mu,0.010263748007899172
