Statistic,c,k,i,l,hM,hH,cM,cH,yM,yH,zM,zH
StdDev,0.005755325357938702,0.005401640786507492,0.06379257778602719,0.002091316554131416,0.02055723213330913,0.011881438159656648,0.00928401261119112,0.019116725457718024,0.021828873864274668,0.019116725457718038,0.8336319799663082,0.831590089989848
RelStdDev,0.26593819710992667,0.24666616893665747,2.9235006250324114,0.09605659642600746,0.9426269933413579,0.5476740566991932,0.42614764061030563,0.8833779206090608,1.0,0.8833779206090614,38.54636566790751,38.51008484110502
CorrWithY,-0.3208435925349151,0.3919886160317308,0.9588808450525352,-0.9059987433073282,0.9790931663686991,-0.7106307561954427,0.6533289577380289,-0.5244648551172447,1.0,-0.5244648551172444,-0.023473073189547836,-0.0026169008926219097
