Statistic,c,k,i,l,hM,hH,cM,cH,yM,yH,zM,zH,productivity
StdDev,0.005756833700459964,0.005410801115763813,0.06385610314581475,0.0020931356388386767,0.02057040172798822,0.01187357321167582,0.009266340034548438,0.01910151411250791,0.021844319364899563,0.019101514112507916,0.8298641891893574,0.835379332126616,0.004432318591901995
RelStdDev,0.2657910391471052,0.24694342677767736,2.924243984361948,0.09606504013917158,0.9425821200309896,0.5469644396546877,0.42507455845659886,0.8820760815710326,1.0,0.882076081571033,38.33211345079271,38.647673998966006,0.20427281121451787
CorrWithY,-0.3206947749925601,0.39073729438112936,0.9591588717620376,-0.9065249900023679,0.9790945242462774,-0.7114487179748323,0.6540865633359416,-0.5251434646296805,1.0,-0.5251434646296781,-0.022562788595177692,-0.0017659869017035944,0.3640580905924562
