Statistic,c,y,h,k,invest,lambda,productivity,L,X,mu
StdDev,0.004448613640222655,0.015199395980714795,0.009852463508399825,0.004041572930122085,0.04889644171126181,0.008955770193166885,0.006077936987288415,0.002081203314137604,0.0014720731372819958,0.001568363192319682
RelStdDev,0.2922351912719015,1.0,0.6486820944058093,0.26492469279838543,3.2166459584833134,0.5892432710560204,0.39933825956024654,0.13675604380135364,0.09649694305185577,0.10314495307140187
CorrWithY,0.8724659792582188,1.0,0.9710819544717422,0.3615062069301364,0.990138068722418,0.999722931887256,0.9233196111950943,-0.9672690212388272,-0.6413382485568367,0.9943109697488424
