Statistic,y,c,k,i,h,a,productivity
StdDev,0.013387403666863452,0.004150090627737545,0.0036090539719852805,0.04211167165786212,0.0068715377355009965,0.8300108339491057,0.0067479303186844305
RelStdDev,1.0,0.3095862717605057,0.2685815784566234,3.145396227641381,0.5135491927896917,62.50097959302413,0.5038423027936663
CorrWithY,1.0,0.8958887080618629,0.35700346263718824,0.9905906647164977,0.9818429129030752,-0.012782989736612663,0.9814649647463392
